expression,num_instances,feasible_rate,avg_objective,avg_cost,avg_distance,avg_late_penalty,avg_spoil_penalty,avg_late_customers,avg_spoil_customers,avg_num_routes,avg_runtime_sec
nearest_neighbor,29,1.0,355783.5034482759,355783.5034482759,1293.3793103448277,15691.337931034484,338798.7862068966,3.206896551724138,19.0,8.241379310344827,0.006580648751094423
ortools,29,1.0,461434.93103448284,461434.93103448284,947.8965517241379,29367.062068965522,431119.97241379315,4.655172413793103,22.79310344827586,8.137931034482758,3.002107390042009
greedy,29,1.0,897395.5999999999,897395.5999999999,2521.655172413793,124269.93103448271,770604.0137931034,23.06896551724138,45.41379310344828,8.137931034482758,0.0013183478651375606
