expression,num_instances,feasible_rate,avg_cost,avg_runtime_sec,avg_num_routes
ortools,39,1.0,868.8717948717949,3.001663483106173,7.897435897435898
nearest_neighbor,39,1.0,1172.128205128205,0.0004809391804230519,7.948717948717949
greedy,39,1.0,2278.3076923076924,0.0008136737040984324,7.897435897435898
